altitude_km,velocity_ms,alpha_deg,Twall_K,ood_source,CL_sc,CD_sc,q_sc,Kn_fostrad,CL_krd,CD_krd,q_krd,CL_fr,CD_fr,q_fr,CL_vd,CD_vd,q_vd
131.99597955030106,10869.575697351293,12.3253893602053,701.1125451145515,high_altitude,-0.03170559978298097,1.9067945576002363,3250.1031397644997,4.966506477283726,-0.03176445021026984,1.9076096652794459,3250.1121082966993,-0.03176275892475336,1.9069205219153433,3250.108262600549,-0.03176114001657823,1.907251071502169,3250.110067844717
136.5900645720206,11202.64304184212,7.1421421847539115,317.81954187004413,high_altitude,-0.0015264537985282892,1.8454096716181365,2589.286037271441,6.799795769148377,-0.0015489546216506458,1.845133379843096,2589.287484560987,-0.001583613008340888,1.845083565826823,2589.290659678883,-0.0015625647777253518,1.8458500218838836,2589.2920125398223
135.3549843162994,11949.161832665048,16.71303833488022,970.1645846543828,high_altitude,-0.05591602678463803,2.0333973071383995,3427.9059066513805,6.272065716809566,-0.05587820221203718,2.0327529292871476,3427.9002017835523,-0.055870914911795105,2.0317488824807515,3427.8943723041675,-0.05593765928083655,2.0337924441392414,3427.909357549943
130.79370777423765,12884.07669574676,15.819818845067129,1085.9994020228555,high_altitude,-0.051523357643425166,1.9768396610884493,5906.675907044739,4.543536468665837,-0.05152567539083905,1.9768907347420699,5906.6761943454085,-0.05149933736881271,1.9765967420412165,5906.669573776486,-0.051486670011123364,1.976400136818275,5906.666412362462
137.04251353927356,10801.842982013606,3.4835671941333937,458.3773103844138,high_altitude,0.020056140825695068,1.8886091286168085,2226.273558914226,6.999814182768045,0.020004533598699026,1.8890578446688724,2226.2795295202036,0.020064326255533782,1.8904602538081532,2226.2818785793484,0.01997628596004697,1.8881234710519583,2226.2774213397497
144.13422960274363,12524.784071111835,2.3651649194318516,384.4056843798992,high_altitude,0.021713088506022077,1.9281405917367769,2277.995053804297,10.620267627385251,0.021744308408261442,1.9283973552441576,2277.994783047272,0.021738820468536174,1.9287415804449233,2277.996896947122,0.021720435738903004,1.9281826189403928,2277.995053804297
126.04326664562262,10948.036683698165,19.60974685633073,1316.0347302296457,high_altitude,-0.08739901263621325,2.039410915486593,5277.618603325168,3.0854361414991938,-0.08738347986986217,2.039206132703538,5277.614301117276,-0.08739097919499866,2.0393215446101767,5277.616605922424,-0.08738454300616028,2.0400123255814564,5277.622631172541
141.8962095632381,11374.059834882928,10.537546830886743,1177.2413047115544,high_altitude,-0.026859931108923762,1.926402120444521,1968.8452483575445,9.375340279174525,-0.02682373788626654,1.926590255247242,1968.8443293271148,-0.026848773760645685,1.9266126976141484,1968.8455467743152,-0.026792884793818715,1.9276397947095694,1968.8462597083217
133.49863620536564,11742.06726355326,19.25791375558922,1248.7765666816117,high_altitude,-0.07604650698409265,2.0934043114575247,3673.490433335949,5.52766899733778,-0.07603640792732652,2.093171143983366,3673.4887518213136,-0.07602362332588314,2.0932304821736714,3673.4881442570013,-0.07601477921078997,2.0925236175703477,3673.4843246398987
141.27165576527466,11471.398122755496,18.14810051199881,1461.3845815000586,high_altitude,-0.07397523115568896,2.1157335537814643,2097.6660828136924,9.044465641680906,-0.07396948137663864,2.1149456612093034,2097.663786952316,-0.07396612676338771,2.1152044818075377,2097.6643761030996,-0.07396805679429022,2.1154363478031404,2097.6649670644924
139.44543999250848,12313.64298908816,8.874779128983159,637.0933669870076,high_altitude,-0.011527546751925157,1.8777371356045622,2886.0244777573553,8.12168253087771,-0.011573358427881207,1.876070566475981,2886.0200343452825,-0.011553708393393416,1.877702275551431,2886.0270655227264,-0.01156531477560783,1.8772014961000068,2886.0251128638943
134.48696189601185,12031.923688457244,16.48032101484172,343.5557473181371,high_altitude,-0.040458234062057175,2.0107041355903927,3723.4422462792254,5.917146852542067,-0.04044425406551269,2.011716290560288,3723.445659016461,-0.04043271238180915,2.010793150806987,3723.439661062703,-0.040462173334688295,2.011326975481011,3723.4457984205833
132.61804235920522,12690.140789505156,5.551750211691679,589.2082340880829,high_altitude,0.008720817287674404,1.8361790182805433,4875.05919987035,5.1941769337776105,0.008734740074906419,1.8370498578473067,4875.069150515563,0.00877167996223406,1.8377067104047589,4875.068796533226,0.00872380835610885,1.8361526568119984,4875.062575353686
140.49839607000067,12465.808009085124,3.3080493410989025,1000.600999549535,high_altitude,0.023442050429246797,1.9116201822976466,2757.79002790705,8.646229505241061,0.023455928377945467,1.9109490695693545,2757.7845554313026,0.02354587767397326,1.9132773985408016,2757.7901586848006,0.023458641804016356,1.9107829505059524,2757.7815511744284
129.73643441009222,12987.954087277652,13.478658399057634,1393.785364698978,high_altitude,-0.041675130269670374,1.9155067496281575,6535.947725498194,4.189424148608411,-0.04163170492491808,1.9162371726905358,6535.949273471022,-0.04165444125706652,1.917402735589508,6535.967167322667,-0.04169112671440778,1.916932472548757,6535.966915722037
143.19621117474247,12815.157939080873,11.28311310151399,929.288714394348,high_altitude,-0.02553979742994613,1.9395768108254237,2625.3785734192966,10.087003899981893,-0.025517562652247062,1.940558566006457,2625.380639794132,-0.0255364983865611,1.9408653872122248,2625.3826282729633,-0.025547890261711857,1.9404242604096766,2625.3814146752343
138.5845112596816,11634.28486276806,9.830135525478727,804.1175795777733,high_altitude,-0.018477113693476592,1.8949484099824925,2566.895185045419,7.7072214406607005,-0.018496871513258187,1.8949672543698362,2566.89671939029,-0.01851784409860306,1.8943714336870037,2566.895500795221,-0.018512511339004833,1.894823102841351,2566.897769588369
144.51473971844607,12228.706894841373,14.970188446186354,883.7444844654327,high_altitude,-0.04385314160630535,2.0315306481870685,2130.1003350140677,10.842129325387923,-0.0438564028085712,2.0313027012429075,2130.1000851653503,-0.04386612423557559,2.032002751112692,2130.1020151479784,-0.04383666760978261,2.0319700113895465,2130.101022250132
129.0046199289715,11512.17852918975,1.5183281894612128,1037.9750925449623,high_altitude,0.04310531269294149,1.8680657545044368,4684.326097010446,3.9540084567473524,0.04317290841522456,1.8692319881559036,4684.329429935547,0.04313850951539397,1.8685754199804903,4684.329742739146,0.043148828317560145,1.8692267055980358,4684.332615875877
142.7344909161178,11860.183246695442,17.438553960318522,1294.400341479882,high_altitude,-0.06509376147479978,2.0960871654270763,2136.512880901877,9.830700470812197,-0.0650947159268353,2.097043313378881,2136.5150651166928,-0.06513756378777294,2.0974016950088736,2136.5173096063613,-0.06510029417143065,2.0967295287596337,2136.514784704766
136.30673548674503,11045.031815429646,7.820193901190423,1424.5936946400325,high_altitude,-0.010012624863097955,1.8626980593993785,2508.4268262640635,6.676201211773687,-0.009989199110844164,1.8627816949096354,2508.426012218407,-0.009962282245512766,1.8631353402857929,2508.4260998931836,-0.010013691095106681,1.8624396415770161,2508.4256934519485
134.1574446611088,12590.575213073147,0.9993011200262746,1106.599931740603,high_altitude,0.04304678844544446,1.9092009939400916,4219.061069118796,5.785628917287922,0.04305566213456802,1.9092772135481477,4219.062639607149,0.04305551895338372,1.9097211031710264,4219.068619229802,0.043005604670205505,1.907881010489713,4219.052324447312
128.69790502648652,10690.320890213568,12.681360493406578,533.356969405407,high_altitude,-0.031784726992503384,1.8850283264953833,3969.8326570420927,3.8582180276149423,-0.031819075896558704,1.8857789346805065,3969.843180249286,-0.03179117890844581,1.885174320655962,3969.834804268847,-0.03179769671447466,1.8861690167771898,3969.8434234912143
128.16132800347242,12123.698295202574,14.414323503665136,827.9387728011322,high_altitude,-0.04289501611301516,1.9183866280822834,6036.155078926792,3.694259478015143,-0.04292637524361961,1.9188706164927063,6036.1660067653975,-0.04290826168887421,1.919336709957369,6036.168008468661,-0.04290385555723478,1.9189934340889288,6036.164268097612
126.38437568674252,11785.614450115814,11.911528262706923,684.9384988675405,high_altitude,-0.02807457183149327,1.845710909376273,6413.897413209625,3.1792929275768778,-0.02809752990896358,1.8459339539534254,6413.906516447963,-0.02805703215969234,1.8449951708766272,6413.878699460085,-0.02807552264693053,1.8457622169523344,6413.898086902274
125.46303031677664,10612.920423413972,8.49733724180965,1376.5986388965678,high_altitude,-0.012634114088650486,1.785190889774048,5018.587849800304,2.929786793713423,-0.012602452652123427,1.7863284455544823,5018.597817886443,-0.012610925852400643,1.7848483768807468,5018.575544818615,-0.012613772145027912,1.7851868241654971,5018.578876837192
131.3263293785415,11310.011629376831,4.335141391347462,486.16791869011774,high_altitude,0.0167967557432257,1.842603938597055,3775.6201281834146,4.728179856762974,0.01683254197022141,1.8438349270205265,3775.62660204737,0.016824770890993587,1.8433116448778353,3775.6241553840096,0.0168274290597467,1.8440119151635783,3775.627897425209
139.8232557749773,10561.793547172269,0.1794540116870704,575.400817519751,high_altitude,0.0432530777060357,1.9353717380048685,1754.1816237515543,8.307830455188611,0.04329439768820964,1.936468692393224,1754.1855465458377,0.04322477026048635,1.9349431132091317,1754.181992931475,0.04324862823379763,1.9359147625556723,1754.186194867308
127.14636095478446,12333.56561017619,5.145669291209996,1180.0125076358438,high_altitude,0.015174897417272529,1.808791388829843,6766.521881297665,3.394889087036514,0.015184799186417922,1.8087612831046969,6766.518239694169,0.015143165283851609,1.8077967634317438,6766.504617619695,0.015175715452337757,1.8087540574376955,6766.522461992256
137.91870906891012,11119.150330579132,6.496254274408723,753.1932960689733,high_altitude,0.0012348152970010906,1.8643229987212893,2316.7627073458584,7.396159725112083,0.0011566985504852523,1.8635888064304136,2316.764256880751,0.0011693651748499387,1.8636348038221155,2316.7645402236853,0.001175317305939505,1.8634210075583584,2316.762625575494
18.902429413113317,3382.801758886966,8.810129725353349,1276.3488725908237,low_altitude,-0.008106198799001159,0.1619011899625683,4520483.200932044,2.8117584639389917e-07,-0.008024072035057637,0.1618706441401603,4520248.340212299,-0.008084300786029883,0.16194803160950952,4520706.59575848,-0.008132037536682398,0.16195030811784694,4520762.379291607
24.380258577908613,7451.36400650132,2.08711230354762,645.4344629483791,low_altitude,0.21341977821608513,0.20427926330067342,36758527.3295385,6.880640761374757e-07,0.21337326431949427,0.20419112821183644,36754754.867230415,0.213346459168651,0.20418795236946352,36754983.2841014,0.21335068609479396,0.20418283949379615,36754362.28519104
17.61698801739917,3180.9443228284695,18.79633608804792,992.7641507487662,low_altitude,-0.32137753965682714,0.24357872657361135,4128962.5397139946,2.299867832039946e-07,-0.32149903613711506,0.24366744919015387,4129241.4294596803,-0.3213440112058438,0.24358727432687732,4128955.587567713,-0.3214710655068448,0.24364956216810274,4129183.567006191
21.10166166989039,3926.145390204764,17.403467864611468,757.054699047413,low_altitude,-0.2764918893153243,0.22253628206709852,6167807.168710345,3.9985637681904726e-07,-0.27658525879124435,0.22262206494766995,6168244.146468852,-0.276567978499473,0.2225953563307123,6168112.065866293,-0.2765710990175147,0.22268959656554282,6168467.926859336
11.652804770152988,6183.9082246498565,0.2320179870263966,966.1188630154928,low_altitude,0.27397980884927103,0.22976393383350505,56246026.82015032,8.94879576018519e-08,0.2737988926751103,0.22967468559790777,56244724.17657028,0.2736631864132238,0.22966355542748554,56246130.15112879,0.2736385288606856,0.2295790523330851,56241211.57461371
28.045199391505523,9680.115002700928,6.629864764035194,369.983631986812,low_altitude,0.059406243902824035,0.16623132747738867,63384159.82542329,1.2790589534901333e-06,0.05931080132792779,0.1662400484666916,63386560.31474098,0.05927840098613722,0.16621604358512929,63385346.61177123,0.05937344213805204,0.16636230399736746,63395112.41444863
23.400723409135026,4209.097303254087,0.888449715842754,721.1764963560767,low_altitude,0.25341568663370734,0.22017080156258204,6313561.110806928,5.840539371098331e-07,0.25345031446313154,0.22018620041259956,6313611.834609668,0.25345062688995196,0.2202251915486473,6313719.107163201,0.2538826729435173,0.22038495971029115,6314074.703895928
27.11909848794676,9103.93915740476,5.83662169249763,517.2981164245118,low_altitude,0.08591110726473264,0.17010843253414432,56086375.01927976,1.0929494618734056e-06,0.08609204153546667,0.17016322839792922,56087170.27347618,0.08598049669426629,0.1701410648830961,56087543.946090646,0.08570938268324814,0.1700876613485931,56088335.46285392
28.394564210064203,3516.689234928144,12.420433146845406,321.2030533623463,low_altitude,-0.11734121626983587,0.17305653639915974,2348063.4308444983,1.3570252351960776e-06,-0.11739894075821158,0.17303919877364304,2348036.449537513,-0.1173287507707906,0.1729951616103335,2347914.626115728,-0.11733075060319334,0.1730244169381645,2347982.2295202916
26.13870967605293,5122.891539604407,12.857136302923973,844.0744830594634,low_altitude,-0.13119482215061462,0.1760366111407791,9573636.996327592,9.257286025249555e-07,-0.13124131165569805,0.1760200146585012,9573526.067263534,-0.1311591462688468,0.17596329228996951,9572911.403636154,-0.13127276311250233,0.1760634966843192,9573967.782996314
13.507373811876448,6478.461045250086,7.00531002813117,890.839105447336,low_altitude,0.046773653765038684,0.1647296902909557,56270497.7507153,1.2033951007021863e-07,0.04674475743049583,0.16483480650727536,56278058.75404669,0.04688557399038482,0.1647724239935731,56271749.22482881,0.04689053827081506,0.1648434484690922,56276527.57032882
25.14101638229498,8578.702075294896,14.522783026981898,912.0349443610476,low_altitude,-0.18439071558019918,0.1893220003620405,55388818.35103594,7.820283264068307e-07,-0.18431773994795228,0.18926655954083169,55385577.14418669,-0.1842233729704265,0.18924069972984214,55383388.37578239,-0.18433129174262664,0.18927251880796492,55385939.000737436
22.553183957550125,8700.709663062356,9.598253960879113,1341.3493829283734,low_altitude,-0.03160937993021572,0.16298740085703886,71557737.20088258,5.073461447277343e-07,-0.0316405298995817,0.16308431900859294,71565873.36711937,-0.031436775159449565,0.16312103830194094,71565876.2762349,-0.03160139426282327,0.1629226483764465,71552430.80051981
16.04314009618696,5619.2769607232185,7.976737119561783,674.2157352527328,low_altitude,0.016865907792874855,0.16267046657014392,29087923.632194396,1.799817961769113e-07,0.01676402818502923,0.1626164947493744,29086760.712757394,0.016751795246891438,0.16265849617010927,29088295.517291043,0.016994624843720076,0.1627366075863186,29089278.560789283
11.912474558121652,5555.6106811825475,10.72823345243242,1213.7688654079095,low_altitude,-0.0657609703722266,0.16566698842048372,39163583.84967137,9.323514842117584e-08,-0.06571933607341349,0.16553039963662255,39157618.12550978,-0.0657124771261616,0.16550001241994666,39156360.05504972,-0.06571244223361801,0.16549492545723524,39156102.08805877
22.872342484993077,9060.7684850418,17.292356272332338,814.6121337524456,low_altitude,-0.27330400736370397,0.22153980582246385,79940258.85158218,5.349365370319644e-07,-0.2733239649781409,0.22162959056130788,79944802.67247275,-0.2732855635944803,0.22155320410808205,79940719.7621028,-0.2732703712650457,0.22152261027190878,79939009.47398758
21.462495459764895,3983.9925809669817,19.558807770863233,1114.0217263165446,low_altitude,-0.34617658762825587,0.25703602841245343,6270038.392562189,4.240673884114888e-07,-0.3461054112865825,0.2569330829277712,6269630.007050464,-0.3462823495268235,0.2570634824697201,6270218.721702029,-0.3459355740691464,0.2568057223236847,6269046.824021373
25.647284734005773,4976.775433011945,5.0120876434472255,1461.955406186015,low_altitude,0.11319812544995748,0.17520860562705406,8958771.530847862,8.519237083341121e-07,0.1133832006587372,0.17528167058282224,8959106.868763112,0.11336581860617656,0.175312471678535,8959502.167688798,0.11319476393642303,0.17519481772329898,8958636.937316526
18.579004071523148,4692.384522796671,13.760897937090942,462.9830019628741,low_altitude,-0.15988253749953885,0.18253705306537793,13422514.678424917,2.6726815401817374e-07,-0.15977280108838876,0.18244641988098675,13421242.030605754,-0.1597451315193797,0.18242148399744273,13420856.227024646,-0.15978741463958113,0.1825366878166806,13422337.981553556
15.160164196772216,8135.226664508809,11.848638247578243,545.1845948275032,low_altitude,-0.09988664310380793,0.1702650849301747,104078548.63519493,1.566621145421353e-07,-0.09993480754697301,0.1703494871640994,104088155.49830993,-0.10002439848595966,0.17036628332358386,104091229.57963535,-0.09997350422972337,0.17041777825584703,104095791.6184533
17.29790610642033,4514.477506686479,16.30546793530232,1256.326383337266,low_altitude,-0.24131845967825818,0.2083214951247242,13108900.657106085,2.1881995035224672e-07,-0.24129642174373128,0.20828260549760896,13108457.696690906,-0.2412193210691828,0.20828010487383097,13108284.997396782,-0.24122617316009676,0.2082767315293556,13108230.978400243
14.508650749315038,6592.307825804989,4.59646232188799,1150.4377163629474,low_altitude,0.12822778137791502,0.17860550979258452,54670689.854858845,1.4126943866859124e-07,0.1280606879130431,0.17857955824424784,54671963.07788409,0.1281767679526155,0.17867272096208833,54676380.43483696,0.1283147810622382,0.1787133195081058,54676700.69320513
10.56149111459878,9444.375407144791,2.886982235829895,1081.389506281198,low_altitude,0.18647028482209976,0.1949331444634195,238776590.41679084,7.558108645691858e-08,0.18648589871150087,0.1949564806484596,238785940.31890127,0.1863781867186192,0.19496516616535592,238800252.27700743,0.18664307995628315,0.19503020788623004,238796572.62258846
13.125519277291309,7054.805545156164,18.42218144431861,1044.746442283963,low_altitude,-0.309984834769945,0.23826924864148352,77306832.28488965,1.131742371898021e-07,-0.3101202474432544,0.23837727641495926,77313328.10304071,-0.3101263018727142,0.23837847227948472,77313389.80137025,-0.30996989046600976,0.2382615375244423,77306319.44004932
20.663463951296677,5990.42046437166,1.337940663418662,1395.822182389104,low_altitude,0.23949737272541985,0.2142522612131763,24713825.07940304,3.723972192135932e-07,0.23946223275325534,0.21426789689845818,24714597.289123107,0.2395636523753107,0.2143332414681632,24715035.892733295,0.23944413697370157,0.21430377789603072,24716405.224747043
10.894630937588516,7251.105633049814,3.744307436661813,613.8335921052815,low_altitude,0.1565593978283558,0.1859137421154693,99036641.92426392,7.95278783886297e-08,0.15640089353461503,0.18589076840400126,99039445.49230245,0.15635363781406697,0.1858717311385729,99039034.01799805,0.15642296232876227,0.18584181542007153,99031530.60861565
16.582128230038123,8038.871872850596,8.3976960961681,1336.4867606288003,low_altitude,0.004342446265073716,0.16236329179056852,89046668.19078699,1.9575510319561188e-07,0.004155028028441719,0.16231271259819638,89045273.6333272,0.004166725795807961,0.1623085369881458,89044684.07304753,0.004242391542288539,0.16242834801911013,89055544.90604904
19.866760103681827,7887.881572905261,14.732028718849202,1445.0060028662256,low_altitude,-0.1908297981804117,0.19131948448994573,65180584.96809929,3.2754135256536867e-07,-0.19076781877421523,0.19125599098462584,65176503.90744519,-0.19089177693318699,0.19138551032788578,65184717.046603814,-0.19066287597070905,0.19121247126517552,65173230.29186252
26.64696527963444,6829.389699418307,10.373237078223404,406.4619480488716,low_altitude,-0.05497484897456115,0.16460530905992318,23198009.1452715,1.0089548883346113e-06,-0.05496413122327533,0.16456558752183315,23196977.524278574,-0.054895284101393174,0.16463895834304654,23198524.004952736,-0.05493212124288142,0.16458569727526876,23197358.602578543
14.413104071045352,9847.26155831372,15.933696947431486,450.60791635351086,low_altitude,-0.22964801483135017,0.2041413765464241,205729590.175432,1.3912988847510075e-07,-0.22967490136885116,0.20416670385832314,205733838.87291837,-0.22966458868322281,0.20413441124592258,205728741.7454795,-0.22967209902662783,0.2041970088934409,205737211.71694687
104.52002656498708,11894.270432343985,17.69602720380286,528.1095905295881,shifted_velocity,-0.13508118402830552,1.3232108946715735,113751.97683958994,0.15405603763510872,-0.13500715143989978,1.3228091562228008,113751.04947638822,-0.1350550943172422,1.3228928940781035,113751.47640256178,-0.1350143193576732,1.3225802198402659,113750.82827542815
81.9453014353611,11769.074389312937,18.184773761687936,797.4050695188096,shifted_velocity,-0.28257492856098504,0.37342794946304086,1926661.2861137907,0.0028485889543468225,-0.2825744573189681,0.37340474837388776,1926651.0697309165,-0.2825228099473182,0.37341440821619376,1926635.764494292,-0.28257701482533903,0.3734890022430819,1926696.9232823406
87.02042402517333,10850.49856266234,16.81511728992678,1286.178003154443,shifted_velocity,-0.22873044134559,0.4626460161408096,898797.8959404483,0.006306917248898571,-0.22868921762632136,0.46254064099493464,898777.4600623677,-0.228662514426715,0.4624833040228943,898764.1335272739,-0.22859704214092283,0.4624997973225241,898753.2660695857
33.662356502257275,11964.023165948363,19.51262409156748,740.2253763312488,shifted_velocity,-0.34521817564482304,0.2567058745906521,79783471.59118016,3.285269403251397e-06,-0.3455058799718349,0.25685531137931467,79793199.66382532,-0.34546743894857795,0.2568348478625147,79791880.18176295,-0.3455001119858095,0.2568496543051335,79792867.87228157
72.23326626660332,10455.846028524464,16.90165481442614,710.9742769974405,shifted_velocity,-0.2566804066885425,0.2517668229159776,3608717.5219424074,0.0006681808261303279,-0.2565951539415461,0.25167934021794824,3608485.736145944,-0.2565567382425972,0.2516516570754272,3608396.415832591,-0.2566284813666898,0.2517091786011755,3608571.7928024237
84.2431010583368,11323.572638651523,17.89789745897178,937.8357920625656,shifted_velocity,-0.26819033316057955,0.41238495063670744,1357687.0949119618,0.004059811284705169,-0.26806237244945136,0.4121698358002184,1357586.2486940448,-0.26823308870946044,0.41232547060341423,1357672.3369671435,-0.26822576522361147,0.4123173298408086,1357669.0865201228
42.7706617696901,10228.469368029397,17.145563671385283,1175.4528879672152,shifted_velocity,-0.26857633903481026,0.21949863994297358,24227297.41283737,1.3044624165122164e-05,-0.26855822999317747,0.219478614542019,24226896.424645323,-0.26851401925279494,0.21950713677266234,24227156.31895523,-0.2686505963351852,0.21956492986439602,24228654.49275422
79.42659065057605,10767.065951580613,15.576941901763911,1060.9166182859492,shifted_velocity,-0.20800982078161065,0.299637477196021,1897794.852251732,0.0019471835556534483,-0.20797671612104257,0.29960666489648746,1897760.2349555795,-0.20793360306895384,0.2995429085145014,1897692.3872409705,-0.20797022197988144,0.29959261201042153,1897742.281181984
39.0640866365562,11713.623235751482,19.987527660834463,1048.3239509978778,shifted_velocity,-0.36080952122722026,0.26547687358186317,48939710.38061848,7.655727033805684e-06,-0.36056052408857153,0.2653186082492349,48934104.387706034,-0.3607606172625857,0.26548579579423603,48939668.34229479,-0.36068585112878093,0.2654096221857177,48937211.151874796
69.55948393664087,10515.743934089973,16.30962173314798,555.8438451229736,shifted_velocity,-0.2391258572389391,0.23108258119015007,4483969.0113899615,0.00044992323535412434,-0.2391053445943987,0.2310581114160201,4483883.975253079,-0.23901014895399883,0.23097014534059268,4483562.724780621,-0.2391848726463435,0.23108813440152656,4484046.476469886
36.9275560002308,11255.075694605526,15.823656306800386,1413.4483199959054,shifted_velocity,-0.2262447062434743,0.20284129949091956,50620300.92472547,5.532163628721941e-06,-0.22628393945558184,0.20288162935655946,50622179.72017754,-0.22625789485193917,0.20283884262224713,50620383.565119416,-0.22630190541914358,0.2028689258509108,50621842.61696937
50.2909712335742,10175.912257349642,19.072922277814687,583.4691553101386,shifted_velocity,-0.3308606630259203,0.24868231747212505,14599488.524205735,3.46610433687799e-05,-0.331328826339723,0.24893965173213844,14602506.328590717,-0.3315422409927643,0.2491123821957358,14604432.410364699,-0.3313140095549173,0.24896214262854816,14602639.315825991
94.95225670801332,11091.054900050054,17.556184339078,1368.6916886467584,shifted_velocity,-0.21076885942587403,0.7718990555202078,394278.58505089517,0.024329006270979874,-0.2107409319417932,0.7718272628537022,394275.90031865536,-0.21070732777600762,0.7716892307552283,394272.08378443395,-0.21065773897413123,0.7714790484540193,394266.202933815
46.33764681188253,11134.483360007149,15.167200668758998,443.0137884665768,shifted_velocity,-0.20479799687870737,0.19585380026335353,25149495.727848873,2.1016509310538845e-05,-0.204673768298614,0.1957448946735944,25146926.398177784,-0.20463961675181624,0.1957031995622524,25145951.9341549,-0.20467007434462542,0.19575957931225668,25147237.186692525
99.52724314926212,10977.724083187588,18.032797233372627,1244.8873978583986,shifted_velocity,-0.18703749157203925,1.0342893054445434,204890.1525921229,0.05758572526743932,-0.18697588775308122,1.0337609279965192,204887.0265196996,-0.1869860913226601,1.0337159965011615,204887.1747511856,-0.18696774295555177,1.0336793413057934,204886.66913606226
54.66333349529158,10928.119807576064,18.96663618819792,314.8604210571942,shifted_velocity,-0.32816845777006914,0.24727889726983449,13997139.962546643,5.980181091029377e-05,-0.3280075572647593,0.2472348542183453,13996460.143668195,-0.3280233217791095,0.2472157872766023,13996345.082567014,-0.3280077531108657,0.24715996863055772,13995883.732063299
53.346593457207206,11446.768812352826,19.220727362941982,408.19562768519296,shifted_velocity,-0.3359138097507621,0.2514265817399778,17667838.598855708,5.0705261252657925e-05,-0.33605954650031505,0.2515643371226987,17669526.60468952,-0.3360836663829455,0.2515410212650852,17669351.70407279,-0.3359010537641385,0.2514498381613554,17668012.714489285
32.043863176906186,10611.993952958846,16.480378203619292,1218.4395464142167,shifted_velocity,-0.24724172128737645,0.210758879969473,61866753.29432178,2.5114205835205395e-06,-0.2469713210120345,0.21055277374165243,61855387.4801503,-0.24716009378444526,0.21075565698970528,61865636.171128295,-0.24720997540554435,0.21074490752047026,61865987.16703019
108.50862240111084,10673.238575970892,15.053867768479371,1434.928598710273,shifted_velocity,-0.08573956239424736,1.4818069013335395,42064.821502010345,0.32531587077060603,-0.08576269878476682,1.482393830556266,42065.0459887998,-0.08571804322753653,1.482824491046685,42065.05252567268,-0.0857475085109251,1.4817554822370145,42064.80338789802
75.32648039711022,10364.617649333451,15.980885185870177,644.9749961310968,shifted_velocity,-0.2249933714370623,0.2616337579512807,2712514.283697631,0.0010587055135719919,-0.22483074670007064,0.2615054243463269,2712238.024791029,-0.2249422994601906,0.2615607211219275,2712382.7740719304,-0.22492188525523063,0.26155648089201855,2712360.508208749
91.67784786990777,10009.957662329987,17.231501154264393,1497.3953828116394,shifted_velocity,-0.22166112213466116,0.6230101038715626,421213.3290787806,0.013664978070012247,-0.22181756854682289,0.6234932555945776,421240.07926931826,-0.221727117907876,0.623228692653011,421225.54223788605,-0.22175471432981642,0.6232600196932662,421227.7365984481
106.02308329061115,11477.244534391251,15.48614259457001,863.2838714417192,shifted_velocity,-0.09720928467533631,1.3611505769654153,79433.50073275708,0.20571128165240588,-0.09722818859684114,1.3607274097717057,79433.26273847178,-0.09719719085202518,1.3607907623138322,79433.1158915761,-0.09723415645487934,1.3606948827031498,79433.30461465796
62.808064815553266,11020.502003316442,18.60554213005935,999.863252010692,shifted_velocity,-0.3153266601866778,0.2466111055316631,8430556.79243788,0.0001731799817278565,-0.3153415791742291,0.24665962490227805,8430793.092744537,-0.31523065912186127,0.24653216127962557,8430049.68654207,-0.3152968252191132,0.24661991050245285,8430556.79243788
68.4735211993783,11588.465965533504,18.786026028589443,1308.0832599694374,shifted_velocity,-0.3191789000717289,0.26291726610448163,6645855.900315351,0.0003841354093288793,-0.31915301011405717,0.2628877740604697,6645724.554615217,-0.31915419077743334,0.2628883729001136,6645729.93873018,-0.31936457714522876,0.2630621922007775,6646545.714191062
117.49123251691869,11347.24732851076,16.61055427381202,966.3770579699813,shifted_velocity,-0.07089092812347078,1.8147423285825437,14206.123989759324,1.2549499329457565,-0.07087803610565249,1.8149930979563724,14206.129989641231,-0.0709219006864176,1.8155355930500041,14206.196643022042,-0.07085767216479782,1.8138096478679784,14206.044380121606
112.66135800601616,11856.243143593105,19.76884519819393,358.09343292103154,shifted_velocity,-0.10215562385032828,1.7448373478509174,30600.03398611099,0.6452569968288054,-0.10227827540645618,1.746752755130125,30600.606554476308,-0.10221589585906243,1.745955259127691,30600.343283532624,-0.10220928178240923,1.7457109591113857,30600.292797947175
98.11921205815965,10122.247716297126,18.485323005238264,681.847246838663,shifted_velocity,-0.20592876036915783,0.9578528469930002,197818.63799434836,0.04389673294881263,-0.20599929913284673,0.958316181972506,197821.72188920595,-0.2060161391757747,0.9583427271294795,197822.3058454231,-0.20601528738215505,0.9583365409592207,197822.09862358932
115.4111938838236,11646.247948709442,17.498598970732317,841.1298656259952,shifted_velocity,-0.08039834670264817,1.7823042048726758,19946.935919365827,0.9573661687783183,-0.08040994236185434,1.7823204410584637,19946.956799331903,-0.08043604380667205,1.7829345031540362,19947.052243649996,-0.08041885238005589,1.7824740992214572,19946.982358247005
57.13832536874845,10294.71621929642,16.086830620878583,1121.8396844785048,shifted_velocity,-0.23450131037906785,0.20593589497255083,9856819.463896228,8.189824249268261e-05,-0.23447475086326544,0.2059038854278273,9856542.244435694,-0.23444560715030388,0.2059309006807415,9856672.939993909,-0.23444959166826695,0.2059005820244481,9856461.504206724
65.0080179834502,10560.49336711847,19.468022877669913,464.3012776845982,shifted_velocity,-0.3424078058887352,0.26508970615046706,6295871.819625328,0.00023468795806299057,-0.34248820869695085,0.2651367398666019,6296097.544241837,-0.3422796027033759,0.26498653726321286,6295425.515905975,-0.34244640123143444,0.2651072414475616,6295964.94029587
