altitude_km,velocity_ms,alpha_deg,Twall_K,ood_source
131.99597955030106,10869.575697351293,12.3253893602053,701.1125451145515,high_altitude
136.5900645720206,11202.643041842119,7.1421421847539115,317.81954187004413,high_altitude
135.3549843162994,11949.161832665048,16.71303833488022,970.1645846543827,high_altitude
130.79370777423765,12884.076695746759,15.819818845067129,1085.9994020228555,high_altitude
137.04251353927356,10801.842982013606,3.4835671941333937,458.3773103844138,high_altitude
144.13422960274363,12524.784071111835,2.3651649194318516,384.4056843798992,high_altitude
126.04326664562262,10948.036683698163,19.60974685633073,1316.0347302296457,high_altitude
141.8962095632381,11374.059834882928,10.537546830886743,1177.2413047115544,high_altitude
133.49863620536564,11742.067263553261,19.25791375558922,1248.7765666816115,high_altitude
141.27165576527466,11471.398122755496,18.14810051199881,1461.3845815000586,high_altitude
139.44543999250848,12313.642989088159,8.874779128983159,637.0933669870076,high_altitude
134.48696189601185,12031.923688457244,16.48032101484172,343.5557473181371,high_altitude
132.61804235920522,12690.140789505156,5.551750211691679,589.2082340880829,high_altitude
140.49839607000067,12465.808009085124,3.3080493410989025,1000.600999549535,high_altitude
129.73643441009222,12987.954087277652,13.478658399057634,1393.7853646989781,high_altitude
143.19621117474247,12815.157939080873,11.28311310151399,929.2887143943481,high_altitude
138.5845112596816,11634.284862768061,9.830135525478727,804.1175795777733,high_altitude
144.51473971844607,12228.706894841373,14.970188446186354,883.7444844654327,high_altitude
129.00461992897147,11512.17852918975,1.5183281894612128,1037.9750925449625,high_altitude
142.7344909161178,11860.183246695442,17.438553960318522,1294.400341479882,high_altitude
136.30673548674503,11045.031815429646,7.820193901190423,1424.5936946400325,high_altitude
134.1574446611088,12590.575213073147,0.9993011200262746,1106.5999317406033,high_altitude
128.69790502648652,10690.320890213567,12.681360493406578,533.356969405407,high_altitude
128.16132800347242,12123.698295202574,14.414323503665136,827.9387728011322,high_altitude
126.38437568674253,11785.614450115814,11.911528262706925,684.9384988675405,high_altitude
125.46303031677664,10612.920423413972,8.49733724180965,1376.5986388965678,high_altitude
131.3263293785415,11310.011629376833,4.335141391347462,486.16791869011774,high_altitude
139.8232557749773,10561.793547172267,0.17945401168707042,575.400817519751,high_altitude
127.14636095478446,12333.56561017619,5.145669291209996,1180.0125076358438,high_altitude
137.91870906891012,11119.150330579132,6.496254274408723,753.1932960689733,high_altitude
18.902429413113317,3382.801758886966,8.810129725353349,1276.3488725908235,low_altitude
24.380258577908613,7451.36400650132,2.0871123035476202,645.4344629483791,low_altitude
17.61698801739917,3180.9443228284695,18.79633608804792,992.7641507487662,low_altitude
21.10166166989039,3926.145390204764,17.403467864611468,757.054699047413,low_altitude
11.652804770152988,6183.9082246498565,0.23201798702639662,966.1188630154929,low_altitude
28.045199391505523,9680.115002700928,6.629864764035194,369.983631986812,low_altitude
23.400723409135026,4209.097303254087,0.888449715842754,721.1764963560767,low_altitude
27.119098487946758,9103.93915740476,5.83662169249763,517.2981164245118,low_altitude
28.394564210064203,3516.689234928144,12.420433146845406,321.2030533623463,low_altitude
26.138709676052926,5122.891539604407,12.857136302923971,844.0744830594634,low_altitude
13.507373811876448,6478.461045250086,7.00531002813117,890.839105447336,low_altitude
25.14101638229498,8578.702075294896,14.522783026981898,912.0349443610476,low_altitude
22.553183957550125,8700.709663062356,9.598253960879113,1341.3493829283734,low_altitude
16.04314009618696,5619.2769607232185,7.976737119561783,674.2157352527328,low_altitude
11.912474558121653,5555.6106811825475,10.72823345243242,1213.7688654079097,low_altitude
22.872342484993077,9060.7684850418,17.292356272332338,814.6121337524456,low_altitude
21.462495459764895,3983.9925809669817,19.558807770863233,1114.0217263165446,low_altitude
25.647284734005773,4976.775433011945,5.0120876434472255,1461.9554061860147,low_altitude
18.579004071523148,4692.384522796671,13.760897937090942,462.9830019628741,low_altitude
15.160164196772216,8135.226664508809,11.848638247578243,545.1845948275032,low_altitude
17.29790610642033,4514.477506686479,16.30546793530232,1256.326383337266,low_altitude
14.508650749315038,6592.307825804989,4.59646232188799,1150.4377163629474,low_altitude
10.56149111459878,9444.375407144791,2.886982235829895,1081.389506281198,low_altitude
13.125519277291307,7054.805545156164,18.42218144431861,1044.746442283963,low_altitude
20.663463951296677,5990.42046437166,1.337940663418662,1395.822182389104,low_altitude
10.894630937588515,7251.105633049814,3.7443074366618125,613.8335921052815,low_altitude
16.582128230038123,8038.871872850596,8.3976960961681,1336.4867606288003,low_altitude
19.866760103681827,7887.881572905261,14.732028718849202,1445.0060028662256,low_altitude
26.64696527963444,6829.389699418307,10.373237078223404,406.4619480488716,low_altitude
14.413104071045353,9847.26155831372,15.933696947431486,450.60791635351086,low_altitude
104.52002656498709,11894.270432343985,17.69602720380286,528.1095905295881,shifted_velocity
81.9453014353611,11769.074389312935,18.184773761687936,797.4050695188096,shifted_velocity
87.02042402517333,10850.49856266234,16.81511728992678,1286.1780031544433,shifted_velocity
33.662356502257275,11964.023165948363,19.51262409156748,740.2253763312488,shifted_velocity
72.23326626660332,10455.846028524464,16.90165481442614,710.9742769974405,shifted_velocity
84.2431010583368,11323.572638651525,17.89789745897178,937.8357920625656,shifted_velocity
42.7706617696901,10228.469368029395,17.145563671385283,1175.4528879672152,shifted_velocity
79.42659065057605,10767.065951580611,15.576941901763913,1060.9166182859492,shifted_velocity
39.0640866365562,11713.623235751482,19.987527660834466,1048.3239509978778,shifted_velocity
69.55948393664087,10515.743934089971,16.30962173314798,555.8438451229736,shifted_velocity
36.9275560002308,11255.075694605526,15.823656306800386,1413.4483199959054,shifted_velocity
50.2909712335742,10175.912257349642,19.072922277814687,583.4691553101386,shifted_velocity
94.95225670801331,11091.054900050054,17.556184339078,1368.6916886467584,shifted_velocity
46.33764681188253,11134.483360007149,15.167200668758998,443.01378846657684,shifted_velocity
99.52724314926213,10977.724083187588,18.032797233372627,1244.8873978583986,shifted_velocity
54.66333349529158,10928.119807576064,18.96663618819792,314.8604210571942,shifted_velocity
53.346593457207206,11446.768812352826,19.220727362941982,408.19562768519296,shifted_velocity
32.043863176906186,10611.993952958846,16.480378203619292,1218.4395464142167,shifted_velocity
108.50862240111083,10673.238575970892,15.053867768479373,1434.928598710273,shifted_velocity
75.32648039711022,10364.617649333451,15.980885185870175,644.9749961310968,shifted_velocity
91.67784786990777,10009.957662329987,17.231501154264393,1497.3953828116394,shifted_velocity
106.02308329061115,11477.244534391253,15.48614259457001,863.2838714417192,shifted_velocity
62.808064815553266,11020.502003316442,18.60554213005935,999.8632520106921,shifted_velocity
68.4735211993783,11588.465965533505,18.786026028589443,1308.0832599694374,shifted_velocity
117.49123251691867,11347.247328510759,16.61055427381202,966.3770579699813,shifted_velocity
112.66135800601617,11856.243143593103,19.76884519819393,358.09343292103154,shifted_velocity
98.11921205815965,10122.247716297126,18.485323005238264,681.847246838663,shifted_velocity
115.41119388382361,11646.247948709442,17.498598970732317,841.1298656259952,shifted_velocity
57.13832536874845,10294.716219296419,16.086830620878583,1121.8396844785048,shifted_velocity
65.0080179834502,10560.49336711847,19.468022877669913,464.3012776845982,shifted_velocity
